{
    "accuracy": 0.8663031659478803,
    "loss": 0.45774809577885794
}