{
    "accuracy": 0.8680210173907624,
    "loss": 0.32281385449802175
}